{
    "Success Rate": 95.33333333333334,
    "Average Reward per Episode": -1.81,
    "Average Learning Speed": 0.04822375823822536
}